"uid","year","dam_pres","valley","litter_effect","sex","disp_yn","colony","cdp","allo","ac","index"
"190_2812",2003,1,"dv","1382_1397.2002","M",1,"bench",0,0,1,1
"2607_7075",2013,1,"dv","7034_7045.2012","F",0,"avalanche",1,0,1,2
"2633_2644",2003,1,"uv","2007_2008.2002","M",0,"mm",0,0,0,0
"2640_2627",2003,1,"dv","1382_1397.2002","F",0,"bench",0,0,0,0
"2652_2663",2003,1,"uv","2007_2008.2002","M",1,"mm",0,0,0,0
"2656_2671",2003,1,"uv","2007_2008.2002","F",1,"mm",0,0,0,0
"2682_2654",2003,1,"uv","2007_2008.2002","F",1,"mm",0,0,0,0
"2686_2690",2003,1,"uv","2111_2113.2002","F",0,"picnic",0,0,0,0
"2687_2651",2003,1,"uv","2007_2008.2002","F",0,"mm",0,0,1,1
"2693_2700",2003,1,"uv","931_932.2002","F",0,"picnic",0,0,0,0
"2694_2679",2003,1,"uv","2111_2113.2002","M",0,"picnic",0,0,0,0
"2698_2653",2003,1,"uv","37_247.2002","F",0,"picnic",0,1,0,1
"2701_3112",2003,1,"dv","2603_2606.2002","M",0,"river",0,0,0,0
"2702_2757",2003,1,"dv","272_273.2002","M",1,"river",0,0,0,0
"2707_3115",2003,1,"dv","1399_1400.2002","M",1,"river",0,0,0,0
"2713_3190",2003,1,"dv","278_279b.2002","M",1,"river",0,0,0,0
"2720_2749",2002,1,"uv","2111_2113.2001","F",0,"picnic",0,0,0,0
"2743_2857",2002,1,"uv","2111_2113.2001","M",1,"picnic",0,0,0,0
"2751_3109",2003,1,"dv","1399_1400.2002","M",0,"river",0,0,1,1
"2756_2763",2003,1,"dv","2603_2606.2002","F",1,"river",0,0,1,1
"2765_2723",2003,1,"dv","1399_1400.2002","F",0,"river",0,0,0,0
"2771_2779",2003,1,"uv","2007_2008.2002","F",1,"mm",0,0,0,0
"2787_2775",2003,1,"uv","2007_2008.2002","M",0,"mm",0,0,0,0
"2793_2821",2003,1,"uv","2111_2113.2002","F",0,"picnic",0,1,0,1
"2804_2895",2003,1,"dv","278_279b.2002","F",0,"river",0,0,1,1
"2805_2809",2003,1,"uv","2111_2113.2002","F",0,"picnic",0,0,0,0
"2808_2897",2003,1,"dv","1382_1397.2002","M",1,"bench",0,0,1,1
"2810_2818",2002,1,"uv","2111_2113.2001","F",0,"picnic",0,0,0,0
"2816_2813",2002,1,"uv","2111_2113.2001","M",1,"picnic",0,0,0,0
"2822_2876",2003,1,"uv","48_47.2002","F",0,"picnic",0,0,0,0
"2827_2870",2002,1,"dv","1382_1397.2001","M",1,"bench",0,0,0,0
"2829_2866",2002,1,"dv","278_279b.2001","F",1,"river",0,0,0,0
"2832_3111",2003,1,"uv","19_46.2002","F",0,"picnic",0,0,0,0
"2837_2845",2002,1,"dv","1382_1397.2001","M",0,"bench",0,0,0,0
"2847_2844",2002,1,"uv","2111_2113.2001","M",0,"picnic",0,0,0,0
"2849_2840",2002,1,"dv","1382_1397.2001","F",0,"bench",0,0,0,0
"2850_2831",2002,1,"uv","2007_2008.2001","F",1,"mm",0,1,0,1
"2854_2855",2002,1,"dv","278_279b.2001","M",0,"river",0,0,0,0
"2856_2843",2002,1,"dv","278_279b.2001","F",0,"river",0,0,0,0
"2859_2872",2002,1,"dv","272_273.2001","F",0,"river",0,0,1,1
"2860_2874",2002,1,"dv","1399_1400.2001","M",0,"river",0,1,0,1
"2865_2864",2002,1,"dv","278_279b.2001","M",1,"river",0,1,0,1
"2881_195",2003,1,"dv","1382_1397.2002","F",0,"bench",0,0,1,1
"2883_2798",2003,1,"uv","37_247.2002","M",1,"picnic",0,0,1,1
"2885_3106",2003,1,"dv","1399_1400.2002","M",1,"river",0,0,1,1
"2890_3108",2003,1,"dv","272_273.2002","M",0,"river",0,0,0,0
"2892_2795",2003,1,"dv","1382_1397.2002","F",1,"bench",0,0,0,0
"2894_2797",2003,1,"dv","1382_1397.2002","M",0,"bench",0,0,1,1
"2896_2819",2003,1,"dv","1382_1397.2002","M",1,"bench",0,0,1,1
"2898_2799",2003,1,"uv","2111_2113.2002","F",0,"picnic",0,1,0,1
"3105_3117",2003,1,"dv","2603_2606.2002","F",0,"river",0,0,1,1
"3110_3152",2003,1,"dv","2361_2351.2002","F",0,"gothictown",0,0,0,0
"3116_3102",2003,1,"dv","2603_2606.2002","M",1,"river",0,0,0,0
"3119_3122",2003,1,"dv","1399_1400.2002","M",0,"river",0,0,1,1
"3120_2683",2003,1,"uv","19_46.2002","F",0,"picnic",0,0,1,1
"3121_3173",2003,1,"dv","2361_2351.2002","F",0,"gothictown",0,0,1,1
"3138_3143",2003,1,"dv","2361_2351.2002","F",1,"gothictown",0,0,0,0
"3146_3145",2003,1,"uv","19_46.2002","F",0,"picnic",0,0,1,1
"3156_3153",2003,1,"uv","931_932.2002","M",1,"picnic",0,0,0,0
"3166_3174",2003,1,"uv","19_46.2002","F",0,"picnic",0,0,0,0
"3168_3134",2003,1,"uv","19_46.2002","M",0,"picnic",0,0,0,0
"3170_3175",2003,1,"uv","2732_2709.2002","M",1,"picnic",0,0,0,0
"3176_3179",2003,1,"dv","1382_1397.2002","F",0,"bench",0,0,1,1
"3178_3181",2003,1,"dv","272_273.2002","F",0,"river",0,0,0,0
"3180_3128",2003,1,"dv","2361_2351.2002","M",1,"gothictown",0,0,0,0
"3186_2768",2003,1,"dv","2603_2606.2002","F",1,"river",0,0,0,0
"3188_3194",2003,1,"dv","2603_2606.2002","M",1,"river",0,0,0,0
"3193_2753",2003,1,"dv","272_273.2002","F",1,"river",0,0,0,0
"3196_3189",2003,1,"dv","272_273.2002","M",0,"river",0,0,0,0
"3199_3184",2003,1,"uv","48_47.2002","M",1,"picnic",0,0,0,0
"4003_4005",2004,1,"dv","2361_2351.2003","M",1,"gothictown",0,0,1,1
"4007_4072",2004,1,"dv","272_273.2003","F",0,"river",0,1,1,2
"4012_4060",2004,1,"dv","272_273.2003","F",0,"river",0,0,0,0
"4016_4070",2004,1,"dv","1382_1397.2003","F",0,"bench",0,0,1,1
"4019_4018",2004,1,"dv","2361_2351.2003","M",1,"gothictown",0,0,1,1
"4021_4001",2004,1,"dv","2361_2351.2003","F",0,"gothictown",0,1,1,2
"4026_4050",2004,1,"dv","1382_1397.2003","F",0,"bench",0,1,1,2
"4036_4031",2004,1,"dv","1399_1400.2003","F",1,"river",0,0,0,0
"4048_4369",2004,1,"uv","2007_2008.2003","F",0,"mm",0,0,0,0
"4052_4051",2003,1,"uv","2732_2709.2002","F",0,"picnic",0,0,1,1
"4053_4008",2004,1,"dv","2361_2351.2003","M",1,"gothictown",0,0,0,0
"4057_4024",2004,1,"dv","2361_2351.2003","M",1,"gothictown",0,0,1,1
"4058_4720",2004,0,"uv","2794_2790.2003","M",0,"mm",0,0,0,0
"4061_4068",2004,1,"dv","278_279b.2003","F",1,"river",0,0,0,0
"4063_4064",2004,1,"uv","2767_2761.2003","M",1,"picnic",0,0,0,0
"4065_4006",2004,1,"dv","2361_2351.2003","F",0,"gothictown",0,0,1,1
"4069_4030",2004,1,"uv","2007_2008.2003","M",1,"mm",0,0,1,1
"4075_4022",2004,1,"dv","278_279b.2003","M",0,"river",0,0,1,1
"4079_4033",2004,1,"dv","1382_1397.2003","M",1,"bench",0,0,1,1
"4083_4839",2005,1,"dv","2603_2606.2004","F",1,"river",0,0,0,0
"4085_4076",2004,1,"dv","1399_1400.2003","F",1,"river",0,0,0,0
"4092_4027",2004,1,"dv","278_279b.2003","M",0,"river",0,0,0,0
"4095_4040",2004,0,"uv","2794_2790.2003","M",0,"mm",0,0,0,0
"4101_4998",2005,0,"dv","3176_3179.2004","M",1,"horsemound",0,0,0,0
"4103_4589",2004,1,"uv","2007_2008.2003","M",1,"mm",0,0,1,1
"4108_4115",2004,1,"uv","2111_2113.2003","M",1,"picnic",0,0,0,0
"4110_4577",2004,1,"uv","2111_2113.2003","M",0,"picnic",0,0,0,0
"4114_4109",2004,1,"uv","2111_2113.2003","F",1,"picnic",0,0,0,0
"4117_4113",2004,1,"uv","2007_2008.2003","F",0,"mm",0,0,1,1
"4121_4597",2005,0,"dv","3176_3179.2004","F",0,"horsemound",0,0,0,0
"4123_4116",2004,1,"uv","2111_2113.2003","M",1,"picnic",0,0,1,1
"4138_4139",2005,1,"uv","2767_2761.2004","F",1,"picnic",0,0,0,0
"4148_4730",2005,1,"uv","4052_4051.2004","M",1,"picnic",0,0,0,0
"4149_4496",2005,1,"uv","48_47.2004","M",1,"picnic",0,0,0,0
"4150_4129",2005,1,"uv","2732_2709.2004","F",1,"picnic",0,0,0,0
"4158_4468",2013,0,"uv","5263_5249.2012","M",1,"mm",1,0,0,1
"4169_4798",2005,1,"uv","48_47.2004","F",1,"picnic",0,0,0,0
"4173_4397",2005,0,"dv","1399_1400.2004","F",1,"river",0,0,0,0
"4178_4574",2008,1,"dv","4715_4716.2007","M",1,"bench",0,0,0,0
"4180_4540",2007,1,"uv","3166_3174.2006","M",1,"picnic",0,1,1,2
"4187_4532",2007,1,"uv","4750_4301.2006","M",1,"mm",0,0,0,0
"4196_4199",2007,1,"uv","19_46.2006","M",1,"picnic",0,0,0,0
"4197_4198",2007,1,"uv","2686_2690.2006","F",0,"picnic",0,1,0,1
"4205_4236",2005,1,"dv","2640_2627.2004","F",1,"river",0,0,0,0
"4214_4221",2005,1,"uv","2732_2709.2004","F",1,"picnic",0,0,0,0
"4220_4211",2005,1,"dv","2361_2351.2004","M",1,"gothictown",0,0,1,1
"4222_4230",2005,1,"dv","278_279b.2004","M",1,"river",0,0,0,0
"4225_4216",2005,1,"dv","2660_2673.2004","F",0,"gothictown",0,0,1,1
"4237_4329",2005,1,"dv","2849_2840.2004","F",0,"gothictown",0,0,0,0
"4238_4247",2005,1,"dv","3178_3181.2004","M",0,"river",0,0,0,0
"4239_4245",2005,1,"dv","2361_2351.2004","M",1,"gothictown",0,0,0,0
"4240_4852",2005,1,"dv","2804_2895.2004","M",0,"river",0,0,0,0
"4242_4249",2005,1,"dv","272_273.2004","M",1,"river",0,0,0,0
"4243_4870",2005,1,"dv","272_273.2004","M",0,"river",0,0,0,0
"4251_4330",2005,1,"dv","2849_2840.2004","F",1,"gothictown",0,0,1,1
"4261_4232",2005,1,"dv","2849_2840.2004","F",0,"gothictown",0,0,0,0
"4264_4256",2005,1,"dv","2849_2840.2004","M",1,"gothictown",0,0,0,0
"4265_4339",2005,1,"dv","2849_2840.2004","M",0,"gothictown",0,0,0,0
"4275_5852",2006,0,"dv","1382_1397.2005","F",1,"bench",0,0,0,0
"4282_4623",2006,1,"dv","2849_2840.2005","M",0,"gothictown",0,0,1,1
"4284_4893",2005,1,"dv","1382_1397.2004","F",0,"bench",0,1,0,1
"4291_4922",2006,0,"dv","2881_195.2005","M",1,"river",0,0,1,1
"4292_4851",2005,1,"uv","2693_2700.2004","M",0,"picnic",0,0,0,0
"4297_4273",2005,1,"dv","2660_2673.2004","M",0,"gothictown",0,1,1,2
"4298_4283",2005,1,"dv","1382_1397.2004","M",1,"bench",0,0,0,0
"4304_4745",2005,1,"uv","2688_2691.2004","M",1,"mm",0,0,0,0
"4314_4320",2005,1,"uv","2688_2691.2004","M",1,"mm",0,0,1,1
"4316_4482",2005,1,"uv","186_189.2004","M",1,"picnic",0,0,0,0
"4323_4311",2005,1,"uv","2698_2653.2004","M",1,"picnic",0,0,0,0
"4324_4592",2005,1,"uv","2767_2761.2004","F",1,"picnic",0,0,0,0
"4328_4254",2005,1,"dv","2849_2840.2004","M",0,"gothictown",0,0,0,0
"4344_4375",2005,1,"uv","2720_2749.2004","F",1,"picnic",0,0,0,0
"4346_4392",2005,1,"uv","2693_2700.2004","F",1,"picnic",0,0,0,0
"4364_4351",2004,1,"uv","2007_2008.2003","M",0,"mm",0,0,0,0
"4367_4354",2004,1,"uv","2688_2691.2003","F",1,"mm",0,0,0,0
"4370_4362",2004,1,"uv","2688_2691.2003","M",1,"mm",0,0,0,0
"4374_4379",2005,1,"uv","2720_2749.2004","F",0,"picnic",0,0,0,0
"4376_4370",2005,1,"dv","278_279b.2004","F",1,"river",0,0,0,0
"4381_4396",2005,1,"uv","2720_2749.2004","M",0,"picnic",0,0,0,0
"4382_4374",2005,1,"uv","2693_2700.2004","M",1,"picnic",0,0,0,0
"4383_4391",2005,1,"dv","2640_2627.2004","F",1,"river",0,0,0,0
"4385_4373",2005,1,"uv","2732_2709.2004","M",1,"picnic",0,0,0,0
"4386_4342",2005,1,"uv","2767_2761.2004","F",0,"picnic",0,0,0,0
"4389_4388",2005,1,"dv","1382_1397.2004","M",1,"bench",0,0,1,1
"4395_4393",2005,1,"dv","2660_2673.2004","F",0,"gothictown",0,0,1,1
"4400_4378",2005,1,"uv","186_189.2004","F",0,"picnic",0,0,0,0
"4408_8176",2018,0,"dv","7880_7885.2017","F",0,"gothictown",1,0,0,1
"4413_8578",2019,1,"uv","6127_7339.2018","M",0,"picnic",0,1,1,2
"4431_4432",2006,1,"dv","2603_2606.2005","M",1,"river",0,0,1,1
"4447_4444",2006,1,"dv","272_273.2005","M",0,"river",0,0,1,1
"4484_4485",2005,1,"uv","2111_2113.2004","F",1,"picnic",0,0,0,0
"4489_4490",2005,1,"uv","19_46.2004","M",0,"picnic",0,0,0,0
"4491_4144",2005,1,"uv","19_46.2004","M",0,"picnic",0,0,1,1
"4492_4975",2006,0,"uv","2832_3111.2005","M",1,"picnic",0,0,0,0
"4501_4905",2006,1,"dv","4021_4001.2005","M",1,"gothictown",0,0,0,0
"4508_4512",2005,1,"uv","19_46.2004","F",0,"picnic",0,0,1,1
"4509_4521",2006,1,"dv","2849_2840.2005","F",0,"gothictown",0,0,1,1
"4517_4952",2007,1,"uv","2007_2008.2006","M",1,"mm",0,0,1,1
"4520_5119",2007,1,"uv","4750_4301.2006","M",1,"mm",0,0,0,0
"4531_5595",2007,1,"uv","19_46.2006","M",0,"picnic",0,0,0,0
"4544_5290",2007,0,"uv","2111_2113.2006","F",1,"picnic",0,0,0,0
"4551_5163",2008,1,"dv","4715_4716.2007","M",0,"bench",0,0,1,1
"4554_4566",2008,1,"dv","4711_4706.2007","F",1,"bench",0,0,0,0
"4555_4570",2008,1,"dv","4715_4716.2007","M",1,"bench",0,0,0,0
"4575_5174",2008,1,"dv","4657_4995.2007","F",0,"river",0,0,0,0
"4582_4104",2006,0,"dv","3176_3179.2004","M",0,"horsemound",0,0,0,0
"4583_4584",2004,1,"uv","2767_2761.2003","M",0,"picnic",0,0,0,0
"4600_4985",2005,1,"dv","272_273.2004","F",0,"river",0,0,0,0
"4609_4440",2006,1,"dv","278_279b.2005","F",1,"river",0,0,0,0
"4617_4906",2006,1,"dv","2640_2627.2005","M",1,"river",0,0,0,0
"4618_4246",2006,1,"dv","2640_2627.2005","M",1,"river",0,0,0,0
"4634_4629",2005,1,"dv","2361_2351.2004","M",1,"gothictown",0,0,0,0
"4636_4633",2005,0,"dv","3176_3179.2004","F",0,"horsemound",0,0,0,0
"4654_4651",2005,0,"dv","1399_1400.2004","M",1,"river",0,0,0,0
"4655_4665",2005,1,"uv","2720_2749.2004","M",0,"picnic",0,1,0,1
"4657_4995",2005,1,"dv","1382_1397.2004","F",0,"bench",0,0,1,1
"4666_4663",2005,1,"dv","1382_1397.2004","F",0,"bench",0,0,1,1
"4667_4673",2005,1,"dv","2859_2872.2004","M",1,"river",0,1,1,2
"4678_4695",2005,1,"dv","2361_2351.2004","F",0,"gothictown",0,0,0,0
"4683_4688",2005,1,"dv","2603_2606.2004","M",1,"river",0,0,0,0
"4691_4629",2005,1,"dv","2804_2895.2004","M",0,"river",0,0,1,1
"4693_4679",2005,1,"dv","2603_2606.2004","F",0,"river",0,0,0,0
"4694_4849",2005,1,"dv","2361_2351.2004","F",0,"gothictown",0,0,0,0
"4703_4002",2004,1,"dv","1382_1397.2003","M",1,"bench",0,0,1,1
"4710_4714",2004,1,"uv","2767_2761.2003","F",1,"picnic",0,1,0,1
"4711_4706",2004,1,"dv","1382_1397.2003","F",0,"bench",0,0,1,1
"4715_4716",2004,1,"dv","1382_1397.2003","F",0,"bench",0,1,1,2
"4718_4705",2004,0,"uv","2794_2790.2003","M",0,"mm",0,1,0,1
"4724_4701",2004,1,"uv","2767_2761.2003","M",1,"picnic",0,0,1,1
"4727_4734",2005,1,"uv","3166_3174.2004","M",0,"picnic",0,0,0,0
"4740_4302",2005,1,"uv","2007_2008.2004","F",0,"mm",0,1,1,2
"4747_4741",2005,1,"uv","2688_2691.2004","F",0,"mm",0,0,0,0
"4749_4742",2005,1,"uv","2688_2691.2004","M",0,"mm",0,0,1,1
"4750_4301",2005,1,"uv","2007_2008.2004","F",0,"mm",0,1,1,2
"4764_4761",2005,1,"uv","2688_2691.2004","F",0,"mm",0,1,1,2
"4765_5266",2008,0,"uv","4740_4302.2007","M",1,"mm",0,0,0,0
"4775_4760",2005,1,"uv","2698_2653.2004","F",0,"picnic",0,0,0,0
"4780_6855",2011,1,"dv","4830_4029.2010","M",1,"river",0,0,0,0
"4783_4778",2005,1,"dv","2859_2872.2004","F",0,"river",0,1,0,1
"4792_4423",2005,0,"dv","1399_1400.2004","M",1,"river",0,0,0,0
"4799_4341",2005,1,"uv","19_46.2004","M",1,"picnic",0,0,0,0
"4804_6930",2010,1,"dv","4657_4995.2009","M",0,"river",0,0,0,0
"4807_4810",2010,1,"dv","4715_4716.2009","M",0,"bench",0,0,1,1
"4816_4811",2010,1,"dv","4509_4521.2009","F",0,"gothictown",0,0,1,1
"4817_4820",2010,1,"dv","4715_4716.2009","M",0,"bench",0,0,1,1
"4818_4801",2010,1,"dv","4666_4663.2009","M",1,"river",0,0,0,0
"4821_6939",2010,1,"dv","272_273.2009","F",0,"river",0,0,0,0
"4829_4035",2004,1,"uv","2688_2691.2003","M",1,"mm",0,1,0,1
"4830_4029",2004,1,"dv","278_279b.2003","F",0,"river",0,1,1,2
"4834_4845",2004,1,"dv","272_273.2003","F",0,"river",0,0,0,0
"4837_4831",2004,1,"dv","278_279b.2003","F",0,"river",0,0,0,0
"4841_4077",2004,1,"dv","2361_2351.2003","M",0,"gothictown",0,0,0,0
"4844_4853",2004,1,"dv","1382_1397.2003","M",1,"bench",0,1,1,2
"4850_4090",2004,1,"uv","2007_2008.2003","M",1,"mm",0,0,0,0
"4863_4866",2004,0,"uv","2794_2790.2003","F",0,"mm",0,0,1,1
"4883_4885",2005,1,"dv","3178_3181.2004","M",0,"river",0,0,0,0
"4886_4872",2004,0,"uv","2794_2790.2003","M",1,"mm",0,0,0,0
"4891_4836",2004,1,"dv","278_279b.2003","F",0,"river",0,0,0,0
"4901_5896",2006,1,"uv","2822_2876.2005","F",0,"picnic",0,0,0,0
"4902_4611",2006,0,"dv","4007_4072.2005","M",1,"river",0,0,0,0
"4903_4659",2006,1,"dv","278_279b.2005","M",1,"river",0,0,0,0
"4907_4288",2006,1,"dv","278_279b.2005","F",1,"river",0,0,1,1
"4910_4449",2006,1,"uv","3120_2683.2005","F",0,"picnic",0,0,1,1
"4913_5886",2006,1,"uv","2822_2876.2005","M",1,"picnic",0,0,0,0
"4931_4941",2006,0,"uv","2832_3111.2005","F",1,"picnic",0,0,0,0
"4932_4945",2006,1,"dv","2640_2627.2005","F",0,"river",0,1,0,1
"4955_5740",2007,1,"uv","4740_4302.2006","M",1,"mm",0,0,0,0
"4960_4961",2007,1,"uv","4117_4113.2006","F",1,"mm",0,0,1,1
"4963_4728",2007,1,"uv","2007_2008.2006","F",0,"mm",0,0,0,0
"4964_4968",2006,0,"dv","1382_1397.2005","F",1,"bench",0,0,0,0
"4965_5101",2007,1,"uv","4750_4301.2006","M",0,"mm",0,1,1,2
"4969_5115",2007,1,"dv","4121_4597.2006","F",1,"horsemound",0,0,1,1
"4996_4107",2005,1,"dv","3178_3181.2004","M",0,"river",0,0,0,0
"5000_5010",2007,1,"uv","19_46.2006","M",1,"picnic",0,0,0,0
"5003_5022",2008,1,"dv","4225_4216.2007","F",0,"gothictown",0,0,0,0
"5008_5041",2007,1,"uv","3120_2683.2006","M",0,"picnic",0,0,0,0
"5011_5186",2008,1,"dv","4666_4663.2007","M",0,"river",0,0,0,0
"5013_5017",2007,0,"uv","2111_2113.2006","M",1,"picnic",0,0,0,0
"5014_5020",2007,1,"uv","19_46.2006","M",1,"picnic",0,0,0,0
"5026_5081",2007,1,"uv","4740_4302.2006","M",1,"mm",0,0,0,0
"5028_5106",2007,1,"uv","4117_4113.2006","F",1,"mm",0,0,0,0
"5032_5033",2007,1,"dv","4065_4006.2006","M",0,"gothictown",0,1,1,2
"5035_5027",2007,1,"uv","4750_4301.2006","M",0,"mm",0,0,0,0
"5058_5062",2007,1,"uv","4750_4301.2006","F",0,"mm",0,1,1,2
"5059_5056",2007,1,"uv","4117_4113.2006","M",0,"mm",0,0,1,1
"5064_5060",2007,1,"uv","4117_4113.2006","F",0,"mm",0,0,1,1
"5072_5067",2007,1,"uv","2793_2821.2006","M",1,"picnic",0,0,0,0
"5075_5571",2008,1,"uv","2688_2691.2007","M",1,"mm",0,0,0,0
"5079_5054",2007,1,"uv","2007_2008.2006","F",1,"mm",0,0,0,0
"5105_4974",2007,1,"dv","4026_4050.2006","F",0,"bench",0,0,1,1
"5110_5111",2006,1,"uv","4052_4051.2005","M",0,"picnic",0,0,0,0
"5170_5175",2008,1,"dv","4964_4968.2007","F",1,"horsemound",0,0,0,0
"5172_5850",2008,1,"dv","4666_4663.2007","F",0,"river",0,0,1,1
"5178_5187",2008,1,"dv","4225_4216.2007","M",1,"gothictown",0,0,0,0
"5192_5827",2008,1,"uv","2688_2691.2007","M",0,"mm",0,0,0,0
"5196_5015",2008,1,"dv","4657_4995.2007","F",1,"river",0,0,0,0
"5201_5169",2007,1,"uv","19_46.2006","M",1,"picnic",0,0,0,0
"5207_5212",2007,1,"uv","186_189.2006","M",0,"picnic",0,0,0,0
"5209_5205",2007,1,"uv","186_189.2006","M",1,"picnic",0,0,0,0
"5210_5223",2007,1,"uv","2805_2809.2006","M",1,"picnic",0,0,0,0
"5214_5213",2007,1,"uv","3166_3174.2006","M",1,"picnic",0,1,0,1
"5216_5076",2007,1,"uv","2793_2821.2006","M",1,"picnic",0,0,0,0
"5232_5239",2007,1,"uv","2720_2749.2006","M",1,"picnic",0,0,0,0
"5235_5813",2008,1,"uv","4750_4301.2007","M",1,"mm",0,0,1,1
"5236_5230",2007,1,"uv","2686_2690.2006","F",0,"picnic",0,1,0,1
"5244_5250",2008,1,"uv","5965_5957.2007","M",0,"mm",0,0,1,1
"5246_5229",2007,1,"uv","3166_3174.2006","F",1,"picnic",0,0,0,0
"5255_5231",2007,1,"uv","3166_3174.2006","F",0,"picnic",0,0,0,0
"5257_5265",2007,1,"uv","2767_2761.2006","F",0,"picnic",0,0,0,0
"5263_5249",2008,1,"uv","5965_5957.2007","F",0,"mm",0,0,1,1
"5267_4327",2008,1,"uv","5965_5957.2007","M",1,"mm",0,0,0,0
"5271_4233",2008,1,"uv","5965_5957.2007","F",0,"mm",0,0,1,1
"5274_5264",2008,1,"uv","5965_5957.2007","M",1,"mm",0,0,1,1
"5282_5053",2007,0,"uv","2111_2113.2006","F",1,"picnic",0,0,0,0
"5285_5088",2007,1,"uv","2688_2691.2006","F",0,"mm",0,0,1,1
"5287_5283",2007,1,"uv","2688_2691.2006","M",0,"mm",0,0,0,0
"5420_5430",2008,0,"uv","4374_4379.2007","F",1,"picnic",0,0,0,0
"5423_5529",2008,1,"dv","4964_4968.2007","M",1,"horsemound",0,0,0,0
"5469_5484",2008,1,"uv","3166_3174.2007","F",1,"picnic",0,0,0,0
"5476_5686",2009,1,"dv","4509_4521.2008","M",0,"gothictown",0,0,1,1
"5480_5473",2008,1,"uv","3166_3174.2007","F",1,"picnic",0,0,0,0
"5493_5697",2009,1,"dv","4964_4968.2008","M",1,"horsemound",0,0,0,0
"5501_5503",2008,1,"uv","3166_3174.2007","F",0,"picnic",0,0,1,1
"5505_5502",2008,1,"dv","4065_4006.2007","F",0,"gothictown",0,0,0,0
"5522_5521",2008,1,"dv","4065_4006.2007","M",1,"gothictown",0,0,1,1
"5524_5562",2009,1,"dv","4964_4968.2008","M",1,"horsemound",0,0,0,0
"5530_5541",2008,0,"uv","4374_4379.2007","M",1,"picnic",0,0,0,0
"5540_5546",2009,1,"uv","5236_5230.2008","F",0,"picnic",0,0,0,0
"5544_5539",2009,0,"dv","4711_4706.2008","F",1,"bench",0,0,0,0
"5548_5526",2009,0,"dv","4711_4706.2008","F",1,"bench",0,0,0,0
"5554_5570",2008,1,"uv","2688_2691.2007","F",1,"mm",0,0,0,0
"5560_5559",2008,1,"uv","3166_3174.2007","F",1,"picnic",0,0,0,0
"5587_5298",2007,1,"uv","4750_4301.2006","F",0,"mm",0,0,1,1
"5589_5870",2008,1,"dv","4657_4995.2007","M",0,"river",0,0,0,0
"5590_5152",2008,1,"dv","4715_4716.2007","M",1,"bench",0,0,0,0
"5603_6281",2009,0,"dv","2849_2840.2008","F",0,"gothictown",0,0,1,1
"5604_5678",2009,0,"uv","4197_4198.2008","F",1,"picnic",0,0,0,0
"5606_5607",2009,0,"uv","2688_2691.2008","F",1,"mm",0,0,0,0
"5608_5616",2009,0,"uv","2686_2690.2008","M",0,"picnic",0,1,1,2
"5610_6024",2009,1,"dv","4509_4521.2008","F",1,"gothictown",0,0,0,0
"5612_5655",2009,1,"dv","4026_4050.2008","M",1,"bench",0,0,0,0
"5618_5623",2009,0,"uv","4197_4198.2008","F",1,"picnic",0,0,0,0
"5624_5698",2009,1,"uv","4508_4512.2008","F",0,"picnic",0,0,0,0
"5634_5640",2010,1,"dv","4237_4329.2009","M",0,"gothictown",0,0,1,1
"5635_5639",2009,0,"uv","2686_2690.2008","M",1,"picnic",0,0,0,0
"5636_5557",2009,1,"dv","272_273.2008","M",1,"river",0,0,0,0
"5650_5552",2010,1,"dv","4932_4945.2009","M",0,"bench",0,0,0,0
"5657_5666",2009,0,"uv","2686_2690.2008","F",0,"picnic",0,1,1,2
"5662_5644",2009,0,"uv","2688_2691.2008","M",0,"mm",0,1,1,2
"5677_5679",2009,0,"uv","2688_2691.2008","F",1,"mm",0,1,1,2
"5700_5464",2009,1,"dv","4964_4968.2008","M",1,"horsemound",0,0,0,0
"5706_5707",2007,1,"dv","4121_4597.2006","F",1,"horsemound",0,0,1,1
"5709_5711",2007,1,"dv","4026_4050.2006","F",1,"bench",0,0,1,1
"5710_5776",2007,1,"dv","4715_4716.2006","F",1,"bench",0,0,1,1
"5715_5701",2007,1,"dv","4715_4716.2006","M",1,"bench",0,1,1,2
"5717_5791",2007,1,"dv","4121_4597.2006","M",1,"horsemound",0,0,1,1
"5728_5734",2006,1,"uv","2822_2876.2005","M",1,"picnic",0,0,0,0
"5729_4928",2007,0,"uv","2111_2113.2006","M",1,"picnic",0,0,0,0
"5731_5745",2006,0,"uv","2832_3111.2005","F",0,"picnic",0,0,0,0
"5732_5727",2006,1,"uv","2805_2809.2005","F",0,"picnic",0,0,0,0
"5735_4506",2007,1,"uv","2007_2008.2006","M",1,"mm",0,0,0,0
"5738_5726",2006,1,"uv","2720_2749.2005","M",1,"picnic",0,0,0,0
"5739_5733",2006,0,"uv","2832_3111.2005","F",0,"picnic",0,1,0,1
"5744_5743",2006,0,"uv","2832_3111.2005","M",1,"picnic",0,0,0,0
"5746_5730",2006,0,"uv","2832_3111.2005","M",1,"picnic",0,0,0,0
"5752_5747",2007,1,"dv","4600_4985.2006","M",0,"river",0,1,0,1
"5765_5799",2007,1,"dv","4026_4050.2006","F",1,"bench",0,0,1,1
"5781_5953",2007,1,"dv","4121_4597.2006","F",1,"horsemound",0,0,1,1
"5786_5713",2007,1,"dv","4121_4597.2006","M",1,"horsemound",0,0,1,1
"5790_5789",2007,1,"dv","4715_4716.2006","M",0,"bench",0,0,1,1
"5792_5787",2007,0,"dv","2603_2606.2006","F",1,"river",0,0,0,0
"5795_5780",2007,1,"uv","19_46.2006","M",1,"picnic",0,1,0,1
"5814_5248",2008,1,"uv","4750_4301.2007","F",1,"mm",0,0,1,1
"5821_5812",2008,1,"uv","4750_4301.2007","M",1,"mm",0,0,0,0
"5831_5836",2008,1,"uv","2688_2691.2007","M",0,"mm",0,0,0,0
"5834_5574",2009,1,"dv","278_279b.2008","F",0,"river",0,0,0,0
"5843_5019",2008,1,"uv","3166_3174.2007","F",0,"picnic",0,0,1,1
"5853_5779",2007,1,"dv","4711_4706.2006","M",0,"bench",0,1,1,2
"5883_5923",2006,1,"dv","4012_4060.2005","F",1,"river",0,0,0,0
"5893_4277",2006,1,"dv","2640_2627.2005","M",1,"river",0,0,1,1
"5897_5919",2006,1,"uv","2805_2809.2005","F",0,"picnic",0,0,0,0
"5901_5913",2006,1,"uv","4117_4113.2005","M",1,"mm",0,1,1,2
"5907_4276",2006,1,"uv","2693_2700.2005","F",1,"picnic",0,0,0,0
"5908_5922",2006,1,"uv","2686_2690.2005","M",0,"picnic",0,0,0,0
"5909_5902",2006,1,"uv","2686_2690.2005","M",1,"picnic",0,1,0,1
"5911_5954",2006,1,"uv","2686_2690.2005","M",1,"picnic",0,0,1,1
"5914_4427",2007,1,"dv","4121_4597.2006","M",1,"horsemound",0,1,1,2
"5917_5960",2006,1,"uv","check02_.2005","M",0,"picnic",0,0,0,0
"5940_5979",2007,1,"dv","4600_4985.2006","F",1,"river",0,0,1,1
"5942_5994",2007,1,"dv","4012_4060.2006","M",0,"river",0,1,1,2
"5955_5904",2006,1,"uv","2686_2690.2005","M",0,"picnic",0,0,0,0
"5956_5961",2006,1,"uv","3120_2683.2005","M",1,"picnic",0,0,0,0
"5965_5957",2006,1,"uv","4117_4113.2005","F",0,"mm",0,0,0,0
"5970_5921",2006,1,"uv","2693_2700.2005","M",1,"picnic",0,0,0,0
"5980_5769",2007,1,"dv","4600_4985.2006","F",1,"river",0,0,1,1
"6000_5725",2007,1,"dv","4600_4985.2006","F",0,"river",0,0,1,1
"6002_6016",2008,1,"uv","4750_4301.2007","F",1,"mm",0,0,0,0
"6008_6005",2008,1,"uv","2688_2691.2007","M",0,"mm",0,0,0,0
"6011_5490",2008,1,"uv","3120_2683.2007","F",0,"picnic",0,0,0,0
"6022_5460",2009,1,"dv","4964_4968.2008","F",1,"horsemound",0,0,0,0
"6034_6035",2009,1,"dv","4395_4393.2008","M",0,"gothictown",0,0,1,1
"6038_6039",2009,1,"dv","4837_4831.2008","F",1,"river",0,0,0,0
"6040_6195",2010,1,"dv","4715_4716.2009","M",0,"bench",0,0,1,1
"6049_6043",2009,1,"dv","4657_4995.2008","F",1,"river",0,0,0,0
"6051_6054",2009,0,"uv","4052_4051.2008","M",1,"picnic",0,0,0,0
"6052_6973",2010,1,"dv","4395_4393.2009","F",0,"gothictown",0,0,1,1
"6062_6075",2009,1,"dv","4830_4029.2008","M",0,"river",0,0,0,0
"6067_6027",2009,1,"dv","4657_4995.2008","F",1,"river",0,0,0,0
"6070_6029",2009,1,"dv","4830_4029.2008","F",0,"river",0,0,0,0
"6080_6085",2009,1,"dv","278_279b.2008","M",0,"river",0,0,0,0
"6081_6279",2010,1,"dv","4237_4329.2009","F",0,"gothictown",0,1,1,2
"6089_7015",2013,1,"dv","4837_4831.2012","F",1,"river",0,0,1,1
"6101_6103",2009,0,"uv","2688_2691.2008","F",0,"mm",0,0,1,1
"6104_6133",2010,1,"dv","4509_4521.2009","M",1,"gothictown",0,0,1,1
"6105_6113",2009,0,"uv","4750_4301.2008","M",1,"mm",0,0,0,0
"6108_6118",2009,1,"uv","5587_5298.2008","M",1,"mm",0,0,0,0
"6112_6903",2010,1,"dv","272_273.2009","M",0,"river",0,0,0,0
"6120_6102",2010,1,"dv","4237_4329.2009","M",1,"gothictown",0,0,1,1
"6125_6193",2010,1,"dv","4509_4521.2009","F",1,"gothictown",0,1,1,2
"6127_7339",2013,1,"uv","4508_4512.2012","F",0,"picnic",0,0,0,0
"6128_6945",2010,1,"dv","4575_5174.2009","M",1,"river",0,0,0,0
"6132_6938",2010,0,"dv","4012_4060.2009","M",1,"river",0,0,0,0
"6142_6178",2010,1,"dv","4395_4393.2009","F",0,"gothictown",0,1,1,2
"6144_6184",2010,1,"dv","4026_4050.2009","M",1,"bench",0,0,0,0
"6145_6149",2009,0,"uv","4052_4051.2008","F",1,"picnic",0,0,0,0
"6158_6970",2010,1,"dv","4964_4968.2009","F",0,"horsemound",0,0,1,1
"6185_6126",2010,1,"dv","4575_5174.2009","M",0,"river",0,0,0,0
"6192_6179",2010,1,"dv","4395_4393.2009","M",1,"gothictown",0,0,0,0
"6194_6182",2010,1,"dv","4225_4216.2009","M",1,"gothictown",0,0,0,0
"6196_6251",2010,1,"dv","4026_4050.2009","F",0,"bench",0,0,0,0
"6200_6180",2010,1,"dv","4237_4329.2009","M",1,"gothictown",0,0,0,0
"6218_6213",2018,0,"dv","7880_7885.2017","M",0,"gothictown",1,0,0,1
"6232_6234",2009,1,"dv","4657_4995.2008","M",0,"river",0,0,1,1
"6255_6257",2009,1,"dv","4932_4945.2008","M",1,"bench",0,0,0,0
"6259_6047",2009,1,"dv","278_279b.2008","F",0,"river",0,0,1,1
"6260_6094",2009,0,"uv","2688_2691.2008","M",1,"mm",0,0,0,0
"6276_6904",2010,1,"dv","4891_4836.2009","M",0,"river",0,0,1,1
"6290_6845",2010,1,"dv","4065_4006.2009","M",1,"gothictown",0,0,0,0
"6304_7998",2013,1,"dv","7034_7045.2012","F",1,"avalanche",0,0,0,0
"6345_6350",2011,1,"uv","5501_5503.2010","F",0,"picnic",0,1,0,1
"6374_6339",2011,1,"uv","5897_5919.2010","M",1,"picnic",0,0,0,0
"6385_6342",2011,1,"uv","5285_5088.2010","F",0,"mm",0,1,0,1
"6396_6400",2011,0,"uv","5271_4233.2010","M",0,"mm",0,1,0,1
"6439_6329",2011,1,"dv","4830_4029.2010","F",0,"river",0,1,1,2
"6442_6848",2010,1,"uv","5739_5733.2009","M",1,"picnic",0,0,0,0
"6483_6785",2010,1,"uv","4508_4512.2009","M",1,"picnic",0,0,1,1
"6488_6497",2010,1,"uv","4901_5896.2009","F",0,"picnic",0,0,0,0
"6504_6376",2011,1,"uv","5285_5088.2010","M",1,"mm",0,1,0,1
"6520_6521",2011,1,"uv","5263_5249.2010","F",0,"mm",0,1,0,1
"6523_6506",2011,0,"uv","5271_4233.2010","F",1,"mm",0,0,0,0
"6532_6580",2013,1,"dv","7029_7043.2012","F",0,"avalanche",1,1,0,2
"6577_6587",2011,1,"uv","5263_5249.2010","F",0,"mm",0,1,0,1
"6592_6579",2011,0,"uv","5271_4233.2010","F",0,"mm",0,1,1,2
"6617_7585",2016,1,"dv","7187_7189.2015","F",1,"gothictown",0,0,0,0
"6637_8516",2019,1,"uv","6385_6342.2018","F",1,"mm",1,1,0,2
"6641_7397",2016,1,"dv","7011_7909.2015","M",1,"river",1,0,0,1
"6643_6605",2014,1,"uv","6345_6350.2013","F",0,"picnic",0,0,0,0
"6644_6626",2014,1,"uv","6779_6729.2013","M",1,"picnic",0,0,0,0
"6647_6634",2014,1,"uv","6779_6729.2013","F",0,"picnic",1,1,0,2
"6671_7436",2015,1,"dv","6309_7172.2014","M",1,"gothictown",1,1,0,2
"6679_6686",2014,1,"uv","6750_6798.2013","M",1,"picnic",0,1,0,1
"6682_6684",2013,0,"dv","4065_4006.2012","M",1,"gothictown",0,0,0,0
"6683_6584",2014,1,"uv","6345_6350.2013","M",0,"picnic",0,0,0,0
"6687_6677",2013,1,"dv","4837_4831.2012","F",0,"river",1,1,1,3
"6692_7281",2014,1,"uv","5540_5546.2013","M",1,"picnic",1,1,1,3
"6697_7124",2014,1,"uv","6750_6798.2013","F",1,"picnic",1,1,0,2
"6705_6718",2010,1,"dv","4830_4029.2009","F",1,"river",0,0,0,0
"6715_6472",2010,1,"uv","5271_4233.2009","M",1,"mm",0,0,1,1
"6741_6733",2010,1,"dv","4891_4836.2009","M",0,"river",0,0,0,0
"6742_6736",2010,1,"dv","4891_4836.2009","F",0,"river",0,0,0,0
"6750_6798",2010,1,"uv","4508_4512.2009","F",0,"picnic",0,0,0,0
"6755_6997",2010,1,"dv","4575_5174.2009","F",0,"river",0,0,1,1
"6761_6760",2010,1,"dv","4837_4831.2009","M",0,"river",0,0,1,1
"6771_6981",2010,1,"dv","4395_4393.2009","F",1,"gothictown",0,0,0,0
"6774_6766",2010,1,"uv","5271_4233.2009","F",0,"mm",0,0,1,1
"6779_6729",2010,0,"uv","5236_5230.2009","F",0,"picnic",0,0,0,0
"6794_6799",2010,1,"uv","5739_5733.2009","F",0,"picnic",0,0,0,0
"6795_6476",2010,0,"uv","5236_5230.2009","F",0,"picnic",0,0,1,1
"6796_6484",2010,0,"uv","5236_5230.2009","M",0,"picnic",0,0,0,0
"6803_6884",2013,1,"dv","7029_7043.2012","F",0,"avalanche",1,1,1,3
"6813_7907",2012,1,"dv","4830_4029.2011","F",0,"river",1,0,0,1
"6824_7005",2013,1,"uv","6592_6579.2012","M",1,"mm",1,0,0,1
"6828_6830",2011,1,"uv","5501_5503.2010","M",0,"picnic",0,0,0,0
"6851_6818",2013,1,"uv","5501_5503.2012","M",1,"picnic",0,0,0,0
"6894_6356",2011,1,"uv","5739_5733.2010","F",0,"picnic",0,0,0,0
"6900_6831",2011,1,"uv","6101_6103.2010","M",1,"mm",0,1,0,1
"6901_6176",2010,1,"dv","4891_4836.2009","M",0,"river",0,0,1,1
"6909_6928",2010,1,"dv","4026_4050.2009","M",1,"bench",0,0,0,0
"6919_5515",2010,1,"dv","4715_4716.2009","M",0,"bench",0,0,1,1
"6921_6253",2010,1,"dv","4026_4050.2009","M",1,"bench",0,0,1,1
"6931_6721",2010,0,"uv","5731_5745.2009","M",0,"picnic",0,0,0,0
"6932_6933",2010,1,"dv","4666_4663.2009","M",1,"river",0,0,0,0
"6934_6946",2010,1,"dv","4666_4663.2009","M",1,"river",0,0,0,0
"6935_6937",2010,1,"dv","4575_5174.2009","F",0,"river",0,0,1,1
"6936_6280",2010,1,"dv","4837_4831.2009","F",0,"river",0,0,0,0
"6947_6254",2010,1,"dv","4964_4968.2009","M",0,"horsemound",0,0,0,0
"6949_6199",2010,1,"dv","4509_4521.2009","F",0,"gothictown",0,0,1,1
"6956_6765",2010,1,"uv","5271_4233.2009","M",0,"mm",0,1,1,2
"6958_6998",2010,1,"uv","5263_5249.2009","F",0,"mm",0,1,1,2
"6961_6994",2010,1,"dv","4891_4836.2009","F",0,"river",0,0,1,1
"6966_6237",2010,1,"dv","4395_4393.2009","F",0,"gothictown",0,0,0,0
"6976_6912",2010,1,"dv","4964_4968.2009","M",1,"horsemound",0,0,0,0
"6980_5660",2010,1,"dv","4026_4050.2009","M",1,"bench",0,0,0,0
"6982_6962",2010,1,"dv","4715_4716.2009","M",0,"bench",0,0,1,1
"6987_6963",2010,1,"dv","4837_4831.2009","F",1,"river",0,0,0,0
"6990_6659",2010,0,"dv","4012_4060.2009","F",1,"river",0,0,0,0
"6993_6988",2010,1,"dv","4715_4716.2009","F",0,"bench",0,0,1,1
"7000_6995",2010,1,"dv","4657_4995.2009","M",1,"river",0,0,0,0
"7001_6805",2013,1,"uv","4508_4512.2012","M",0,"picnic",1,0,1,2
"7007_7008",2013,1,"uv","5501_5503.2012","F",1,"picnic",0,0,0,0
"7011_7909",2013,1,"dv","4837_4831.2012","F",0,"river",1,1,1,3
"7020_6807",2012,1,"dv","4830_4029.2011","M",1,"river",0,0,0,0
"7022_7012",2013,1,"dv","7034_7045.2012","M",1,"avalanche",1,0,0,1
"7027_6570",2013,1,"dv","4837_4831.2012","F",0,"river",1,0,1,2
"7038_7037",2012,1,"dv","7029_7043.2011","F",1,"avalanche",1,0,0,1
"7039_7040",2012,1,"dv","7034_7045.2011","M",1,"avalanche",0,0,0,0
"7052_7065",2012,1,"uv","5285_5088.2011","M",0,"mm",0,1,0,1
"7067_7130",2013,1,"uv","5501_5503.2012","M",1,"picnic",0,0,0,0
"7069_7999",2013,1,"dv","7034_7045.2012","F",0,"avalanche",1,0,0,1
"7081_7095",2013,1,"dv","7029_7043.2012","F",1,"avalanche",0,0,1,1
"7087_7952",2012,1,"uv","5285_5088.2011","M",1,"mm",0,0,0,0
"7094_7086",2012,1,"dv","7057_7090.2011","F",0,"bench",0,0,0,0
"7096_7082",2013,1,"dv","7034_7045.2012","M",1,"avalanche",1,0,0,1
"7097_7064",2013,1,"dv","7029_7043.2012","F",0,"avalanche",1,1,0,2
"7099_7937",2013,1,"uv","4508_4512.2012","M",0,"picnic",1,0,0,1
"7113_6680",2014,1,"uv","4508_4512.2013","F",1,"picnic",1,0,0,1
"7116_6821",2014,1,"uv","6750_6798.2013","M",1,"picnic",0,0,0,0
"7117_7288",2014,1,"uv","5540_5546.2013","M",1,"picnic",0,0,1,1
"7119_7280",2014,1,"uv","6779_6729.2013","M",1,"picnic",0,1,1,2
"7122_6593",2013,0,"dv","4065_4006.2012","M",1,"gothictown",0,1,0,1
"7127_6964",2013,1,"uv","5285_5088.2012","M",1,"mm",1,1,1,3
"7131_7126",2013,1,"uv","4508_4512.2012","F",0,"picnic",0,0,0,0
"7135_7143",2013,1,"uv","5285_5088.2012","M",1,"mm",1,1,1,3
"7140_7136",2013,1,"uv","6385_6342.2012","F",0,"mm",1,1,1,3
"7141_6551",2013,1,"uv","6385_6342.2012","M",1,"mm",1,1,1,3
"7148_6555",2013,1,"uv","5501_5503.2012","M",1,"picnic",1,0,0,1
"7150_7299",2014,1,"uv","6779_6729.2013","M",1,"picnic",0,0,0,0
"7184_7102",2013,0,"uv","4065_4006.2012","M",1,"gothictown",0,0,0,0
"7187_7189",2013,0,"dv","4065_4006.2012","F",0,"gothictown",0,0,0,0
"7188_7182",2013,0,"dv","4065_4006.2012","M",0,"gothictown",0,0,0,0
"7190_7286",2014,1,"uv","6750_6798.2013","F",0,"picnic",1,0,0,1
"7196_7111",2014,1,"uv","6345_6350.2013","M",0,"picnic",0,0,0,0
"7198_6820",2013,0,"dv","4065_4006.2012","F",1,"gothictown",0,0,0,0
"7205_7492",2014,1,"uv","5285_5088.2013","F",0,"mm",0,0,0,0
"7209_7210",2014,1,"uv","6385_6342.2013","M",1,"mm",0,0,0,0
"7215_8291",2019,1,"dv","6687_6677.2018","M",1,"bench",0,0,1,1
"7227_7239",2014,1,"dv","7917_7911.2013","F",1,"river",1,0,1,2
"7229_7989",2014,1,"dv","4830_4029.2013","F",1,"river",0,0,0,0
"7231_7226",2014,1,"dv","4837_4831.2013","M",1,"river",1,0,1,2
"7244_7237",2014,1,"dv","7917_7911.2013","M",0,"river",1,0,0,1
"7261_7962",2015,1,"uv","6127_7339.2014","M",0,"picnic",1,1,1,3
"7269_7497",2018,1,"dv","6612_6640.2017","F",0,"gothictown",1,1,0,2
"7277_6678",2014,1,"uv","5540_5546.2013","F",0,"picnic",0,0,1,1
"7279_7197",2014,1,"uv","5540_5546.2013","F",0,"picnic",1,0,1,2
"7284_7109",2014,1,"uv","4508_4512.2013","F",1,"picnic",0,0,0,0
"7285_7290",2014,1,"uv","6750_6798.2013","F",1,"picnic",1,0,1,2
"7289_6695",2014,1,"uv","6779_6729.2013","F",0,"picnic",1,0,0,1
"7292_7293",2014,1,"uv","4508_4512.2013","F",1,"picnic",0,0,0,0
"7295_6696",2014,1,"uv","5540_5546.2013","M",0,"picnic",1,0,1,2
"7304_7312",2015,1,"uv","5285_5088.2014","M",0,"mm",1,1,0,2
"7310_7303",2015,1,"dv","6309_7172.2014","F",0,"gothictown",1,0,0,1
"7326_6571",2013,1,"dv","4837_4831.2012","F",0,"river",1,1,1,3
"7337_7146",2013,1,"uv","4508_4512.2012","M",0,"picnic",0,1,1,2
"7365_7368",2015,1,"uv","7131_7126.2014","F",0,"picnic",0,1,0,1
"7369_7679",2016,1,"dv","6813_7907.2015","F",1,"river",0,0,0,0
"7371_7372",2016,1,"uv","6385_6342.2015","F",0,"mm",0,1,0,1
"7376_7578",2015,1,"uv","5285_5088.2014","F",0,"mm",0,1,1,2
"7396_7579",2015,1,"uv","5285_5088.2014","M",0,"mm",0,0,0,0
"7404_7461",2014,1,"uv","5540_5546.2013","M",1,"picnic",1,0,0,1
"7442_7655",2015,0,"uv","6779_6729.2014","F",0,"picnic",1,1,1,3
"7456_7457",2016,0,"uv","7277_6678.2015","F",1,"picnic",0,0,1,1
"7463_7455",2016,1,"dv","6439_6329.2015","M",0,"river",0,0,0,0
"7469_7462",2016,1,"dv","6813_7907.2015","M",1,"river",0,0,0,0
"7470_6615",2016,1,"dv","6439_6329.2015","M",1,"river",0,0,0,0
"7471_7472",2016,1,"dv","6813_7907.2015","F",1,"river",0,0,0,0
"7480_7846",2019,0,"dv","6813_7907.2018","F",0,"river",1,0,1,2
"7485_7483",2014,1,"dv","4837_4831.2013","M",1,"river",1,0,0,1
"7499_7847",2018,1,"uv","6385_6342.2017","M",1,"mm",1,0,0,1
"7522_7599",2016,0,"uv","6345_6350.2015","M",1,"picnic",0,0,0,0
"7530_7546",2013,1,"uv","6750_6798.2012","F",1,"picnic",0,0,0,0
"7536_7534",2013,1,"uv","5739_5733.2012","F",1,"picnic",1,0,1,2
"7540_7542",2014,1,"uv","5285_5088.2013","M",1,"mm",1,0,0,1
"7541_7543",2013,1,"uv","6779_6729.2012","M",1,"picnic",1,0,1,2
"7556_8543",2019,0,"dv","7326_6571.2018","M",1,"river",1,1,1,3
"7560_7868",2015,0,"uv","7964_7955.2014","F",1,"picnic",1,0,0,1
"7565_7355",2015,0,"uv","7964_7955.2014","F",0,"picnic",0,0,0,0
"7567_8236",2018,0,"uv","6647_6634.2017","M",1,"picnic",0,0,0,0
"7572_7251",2013,1,"uv","6750_6798.2012","M",1,"picnic",0,0,0,0
"7589_4472",2013,1,"uv","6385_6342.2012","M",1,"mm",1,0,1,2
"7622_7616",2015,0,"uv","6779_6729.2014","M",0,"picnic",0,1,0,1
"7623_7612",2015,0,"uv","6779_6729.2014","F",0,"picnic",1,0,1,2
"7640_7641",2016,1,"uv","7289_6695.2015","F",0,"picnic",1,0,1,2
"7659_7671",2015,1,"dv","7011_7909.2014","M",1,"river",0,1,1,2
"7665_7627",2015,0,"dv","7057_7090.2014","M",1,"gothictown",0,0,0,0
"7666_7664",2015,1,"uv","6127_7339.2014","M",1,"picnic",0,0,0,0
"7668_7607",2015,0,"uv","6779_6729.2014","F",0,"picnic",0,0,0,0
"7697_7608",2016,1,"dv","6439_6329.2015","M",1,"river",0,0,0,0
"7698_7699",2016,1,"uv","6385_6342.2015","F",0,"mm",0,1,1,2
"7701_7702",2016,1,"uv","5540_5546.2015","F",0,"picnic",1,0,0,1
"7703_7704",2016,1,"uv","7279_7197.2015","M",1,"picnic",0,0,0,0
"7705_7706",2016,1,"uv","7279_7197.2015","M",0,"picnic",0,0,1,1
"7712_7379",2018,0,"dv","7880_7885.2017","F",0,"gothictown",1,0,0,1
"7715_7716",2016,1,"uv","5285_5088.2015","F",1,"mm",1,0,1,2
"7720_7721",2016,1,"uv","5285_5088.2015","M",1,"mm",0,0,0,0
"7733_7734",2016,1,"uv","6385_6342.2015","F",0,"mm",1,1,1,3
"7751_7752",2016,1,"uv","7131_7126.2015","M",1,"picnic",0,0,0,0
"7753_7754",2016,1,"uv","7279_7197.2015","F",0,"picnic",0,0,0,0
"7755_7756",2016,1,"uv","6127_7339.2015","F",1,"picnic",0,1,0,1
"7780_7781",2016,1,"uv","6127_7339.2015","F",0,"picnic",0,0,1,1
"7783_7793",2016,1,"uv","6127_7339.2015","F",0,"picnic",0,0,0,0
"7784_7785",2016,1,"dv","6687_6677.2015","M",0,"river",0,0,0,0
"7788_7789",2016,1,"uv","6127_7339.2015","M",1,"picnic",0,0,0,0
"7798_7799",2016,1,"uv","7131_7126.2015","F",0,"picnic",0,0,0,0
"7803_7814",2015,1,"dv","7011_7909.2014","M",1,"river",0,1,0,1
"7810_7238",2015,1,"dv","7011_7909.2014","F",1,"river",1,1,1,3
"7817_7808",2015,1,"dv","7326_6571.2014","M",1,"bench",0,1,1,2
"7828_7874",2018,1,"dv","7187_7189.2017","F",0,"gothictown",1,0,0,1
"7830_7849",2018,1,"dv","7187_7189.2017","F",1,"gothictown",1,0,0,1
"7848_7833",2018,0,"dv","7880_7885.2017","M",1,"gothictown",0,0,0,0
"7857_7360",2015,0,"uv","7964_7955.2014","M",0,"picnic",0,0,0,0
"7872_7873",2016,1,"dv","6439_6329.2015","F",1,"river",0,0,1,1
"7875_8239",2019,0,"dv","7326_6571.2018","F",0,"river",1,0,1,2
"7889_7787",2016,1,"dv","6687_6677.2015","F",1,"bench",0,0,0,0
"7910_7017",2012,1,"uv","5285_5088.2011","M",1,"mm",0,1,1,2
"7916_7913",2011,1,"dv","4830_4029.2010","M",1,"river",0,0,0,0
"7917_7911",2012,1,"dv","4837_4831.2011","F",0,"river",0,1,1,2
"7918_7908",2012,1,"dv","7029_7043.2011","M",1,"avalanche",1,1,0,2
"7934_7073",2013,1,"dv","7034_7045.2012","M",1,"avalanche",0,0,0,0
"7956_7953",2013,1,"uv","6779_6729.2012","F",0,"picnic",1,1,1,3
"7957_7967",2013,1,"uv","6779_6729.2012","F",1,"picnic",0,0,0,0
"7960_7982",2013,1,"uv","6779_6729.2012","F",1,"picnic",1,0,0,1
"7963_7959",2015,1,"dv","6813_7907.2014","M",1,"river",0,0,0,0
"7964_7955",2013,1,"uv","6750_6798.2012","F",0,"picnic",0,0,0,0
"7968_7984",2013,1,"uv","5739_5733.2012","M",1,"picnic",0,0,0,0
"7969_7972",2013,1,"uv","5540_5546.2012","M",0,"picnic",0,0,1,1
"7973_7978",2014,1,"uv","6385_6342.2013","F",1,"mm",0,0,1,1
"7976_7089",2013,1,"dv","7029_7043.2012","F",0,"avalanche",1,0,1,2
"7990_7987",2013,1,"uv","6750_6798.2012","M",1,"picnic",0,0,0,0
"7991_7974",2013,1,"uv","5540_5546.2012","M",0,"picnic",0,0,0,0
"7996_7004",2013,1,"uv","5739_5733.2012","M",1,"picnic",0,1,1,2
"7997_6558",2013,1,"uv","5501_5503.2012","F",1,"picnic",0,0,0,0
"8003_7356",2021,1,"uv","6127_7339.2020","F",1,"picnic",0,0,0,0
"8007_8008",2016,1,"uv","6647_6634.2015","F",0,"picnic",0,0,0,0
"8024_8025",2017,1,"uv","6385_6342.2016","M",1,"mm",1,1,0,2
"8026_8027",2017,1,"uv","6385_6342.2016","M",1,"mm",1,1,1,3
"8051_8062",2017,1,"uv","6385_6342.2016","M",1,"mm",1,1,1,3
"8053_noear",2017,1,"dv","8005_8009.2016","F",1,"gothictown",0,0,0,0
"8089_8088",2017,1,"uv","6385_6342.2016","F",0,"mm",1,1,1,3
"8102_8132",2017,1,"dv","7880_7885.2016","M",1,"gothictown",1,0,1,2
"8111_8107",2017,1,"dv","8005_8009.2016","F",0,"gothictown",1,1,1,3
"8124_8494",2018,1,"uv","6794_6799.2017","F",1,"picnic",0,0,0,0
"8150_8479",2018,1,"uv","6385_6342.2017","M",1,"mm",1,0,0,1
"8153_8416",2018,1,"uv","6385_6342.2017","M",1,"mm",0,0,0,0
"8183_8260",2019,1,"dv","7310_7303.2018","F",1,"gothictown",0,0,0,0
"8209_8101",2017,1,"uv","5540_5546.2016","F",0,"picnic",0,0,1,1
"8230_7217",2019,1,"dv","6687_6677.2018","M",0,"bench",1,0,1,2
"8234_8229",2018,1,"uv","6794_6799.2017","F",1,"picnic",0,0,0,0
"8243_8587",2019,1,"uv","6127_7339.2018","F",1,"picnic",0,1,0,1
"8246_8319",2018,1,"uv","7131_7126.2017","F",0,"picnic",0,1,0,1
"8254_8259",2018,0,"dv","7810_7238.2017","F",0,"avalanche",1,1,0,2
"8261_8320",2018,1,"uv","7131_7126.2017","M",0,"picnic",1,1,0,2
"8262_8193",2018,1,"uv","6794_6799.2017","M",1,"picnic",0,0,0,0
"8266_8253",2018,1,"dv","6687_6677.2017","M",1,"river",0,0,0,0
"8271_8270",2018,1,"dv","6687_6677.2017","M",1,"river",0,0,0,0
"8272_8268",2018,0,"dv","7810_7238.2017","M",1,"avalanche",0,0,0,0
"8281_8332",2022,0,"dv","8514_6207.2021","F",0,"horsemound",1,0,1,2
"8286_8336",2018,1,"uv","6794_6799.2017","F",1,"picnic",0,0,0,0
"8288_8293",2018,0,"dv","7810_7238.2017","M",1,"avalanche",0,0,0,0
"8330_8560",2019,1,"dv","6687_6677.2018","M",0,"bench",1,1,0,2
"8340_8334",2018,1,"dv","6687_6677.2017","F",1,"river",0,0,0,0
"8342_8329",2018,0,"dv","7889_7787.2017","F",0,"bench",0,0,0,0
"8356_8354",2019,1,"dv","7310_7303.2018","F",0,"gothictown",1,0,0,1
"8357_8368",2019,1,"dv","7310_7303.2018","F",1,"gothictown",0,0,1,1
"8362_8398",2019,1,"dv","7310_7303.2018","F",1,"gothictown",0,0,1,1
"8382_8333",2018,1,"uv","7131_7126.2017","M",1,"picnic",1,1,0,2
"8383_8380",2019,1,"dv","7187_7189.2018","F",0,"gothictown",1,1,1,3
"8389_8159",2019,1,"uv","6385_6342.2018","F",1,"mm",0,0,0,0
"8393_8391",2019,1,"dv","7310_7303.2018","M",1,"gothictown",0,0,0,0
"8401_8175",2018,1,"uv","6385_6342.2017","M",1,"mm",1,0,0,1
"8414_8348",2018,1,"uv","6794_6799.2017","M",1,"picnic",0,0,0,0
"8422_8306",2019,1,"dv","6612_6640.2018","M",1,"gothictown",0,0,1,1
"8429_8725",2020,1,"dv","7310_7303.2019","F",0,"gothictown",0,0,0,0
"8438_8426",2020,1,"dv","7310_7303.2019","F",0,"gothictown",0,0,0,0
"8439_8437",2019,1,"uv","6385_6342.2018","M",1,"mm",0,1,1,2
"8467_8458",2018,1,"uv","6794_6799.2017","M",1,"picnic",1,1,0,2
"8476_8478",2018,1,"uv","6385_6342.2017","F",0,"mm",1,1,0,2
"8491_8492",2018,1,"uv","6385_6342.2017","F",0,"mm",1,1,0,2
"8497_8488",2018,1,"uv","6385_6342.2017","F",0,"mm",0,1,0,1
"8509_8518",2019,1,"uv","6385_6342.2018","F",1,"mm",0,0,0,0
"8511_8520",2019,0,"dv","8005_8009.2018","F",0,"gothictown",1,0,1,2
"8513_8503",2019,1,"dv","6687_6677.2018","F",1,"bench",0,0,0,0
"8514_6207",2019,1,"dv","6687_6677.2018","F",1,"bench",1,0,1,2
"8524_8715",2021,1,"dv","7269_7497.2020","M",0,"gothictown",1,0,1,2
"8526_8549",2019,0,"dv","7326_6571.2018","M",1,"river",0,0,0,0
"8529_8535",2019,0,"dv","8005_8009.2018","M",0,"gothictown",1,0,1,2
"8536_7837",2019,1,"dv","6687_6677.2018","F",0,"bench",1,0,1,2
"8540_8531",2019,0,"dv","8005_8009.2018","F",1,"gothictown",0,1,1,2
"8541_8550",2019,1,"uv","6385_6342.2018","F",1,"mm",1,1,0,2
"8554_8555",2019,1,"dv","7187_7189.2018","F",0,"gothictown",1,1,1,3
"8556_8553",2019,1,"dv","6612_6640.2018","M",0,"gothictown",0,0,1,1
"8561_8377",2019,1,"uv","6385_6342.2018","M",1,"mm",0,1,0,1
"8572_8570",2019,1,"dv","7187_7189.2018","F",1,"gothictown",1,1,1,3
"8629_8632",2021,1,"dv","7187_7189.2020","F",0,"gothictown",1,0,1,2
"8630_8642",2021,1,"uv","6127_7339.2020","M",0,"picnic",0,0,0,0
"8634_8610",2021,0,"uv","7698_7699.2020","F",1,"gothictown",0,0,0,0
"8639_9727",2022,1,"uv","6127_7339.2021","F",1,"picnic",0,0,1,1
"8649_8640",2021,1,"uv","6127_7339.2020","F",0,"picnic",1,1,1,3
"8659_8668",2021,1,"dv","8254_8259.2020","M",1,"avalanche",0,0,1,1
"8669_8665",2021,1,"dv","8254_8259.2020","F",0,"avalanche",0,1,0,1
"8680_8696",2021,1,"uv","6127_7339.2020","F",0,"picnic",1,0,0,1
"8701_8853",2021,1,"dv","8340_8334.2020","F",0,"bench",1,0,0,1
"8702_8865",2021,0,"dv","7875_8239.2020","M",1,"river",0,0,0,0
"8705_8773",2021,1,"dv","6612_6640.2020","M",0,"gothictown",0,1,0,1
"8714_8724",2019,1,"dv","7310_7303.2018","M",1,"gothictown",0,0,0,0
"8717_8600",2020,1,"dv","6612_6640.2019","M",1,"gothictown",0,0,0,0
"8723_8594",2020,1,"dv","6612_6640.2019","F",0,"gothictown",0,1,0,1
"8729_8739",2021,1,"dv","7269_7497.2020","F",1,"gothictown",1,0,0,1
"8740_8749",2021,1,"dv","7269_7497.2020","M",0,"gothictown",1,1,1,3
"8747_8735",2021,1,"dv","7269_7497.2020","M",0,"gothictown",0,0,1,1
"8750_8588",2021,0,"dv","7875_8239.2020","F",0,"river",0,0,0,0
"8756_8762",2021,1,"dv","8340_8334.2020","M",1,"bench",1,0,1,2
"8767_8710",2021,1,"dv","8536_7837.2020","M",1,"bench",1,0,1,2
"8768_8831",2021,1,"dv","8340_8334.2020","F",0,"bench",0,0,1,1
"8770_8763",2021,1,"dv","8340_8334.2020","F",0,"bench",1,0,0,1
"8777_8787",2021,1,"dv","7269_7497.2020","M",1,"gothictown",0,0,1,1
"8780_8800",2021,1,"dv","7187_7189.2020","M",1,"gothictown",1,0,1,2
"8784_8788",2021,1,"dv","7269_7497.2020","M",0,"gothictown",1,1,0,2
"8798_8464",2021,0,"dv","7875_8239.2020","M",1,"river",0,0,0,0
"8820_8822",2020,1,"dv","6612_6640.2019","F",0,"gothictown",1,1,1,3
"8826_8772",2021,0,"dv","7875_8239.2020","F",0,"river",0,0,0,0
"8828_8893",2021,1,"dv","8536_7837.2020","F",1,"bench",0,1,1,2
"8833_8840",2020,0,"dv","8515_8522.2019","M",0,"horsemound",0,0,0,0
"8834_8703",2021,1,"dv","8340_8334.2020","F",1,"bench",1,1,0,2
"8835_8300",2021,1,"dv","8536_7837.2020","F",1,"bench",0,0,1,1
"8844_8771",2021,1,"dv","8340_8334.2020","M",0,"bench",0,0,1,1
"8845_8855",2021,1,"dv","8536_7837.2020","F",1,"bench",1,0,0,1
"8851_6988",2021,1,"dv","6687_6677.2020","F",1,"bench",0,0,0,0
"8854_8837",2021,1,"dv","7187_7189.2020","M",0,"gothictown",1,0,1,2
"8861_8850",2021,1,"dv","8340_8334.2020","M",1,"bench",0,0,0,0
"8862_8832",2021,1,"dv","8536_7837.2020","M",0,"river",1,0,1,2
"8863_8857",2021,1,"dv","8536_7837.2020","F",0,"river",1,1,1,3
"8864_8871",2021,1,"dv","6687_6677.2020","M",0,"river",1,0,1,2
"8870_8860",2021,1,"dv","6687_6677.2020","M",1,"bench",1,0,1,2
"8878_8876",2021,1,"dv","8536_7837.2020","F",0,"river",1,0,0,1
"8879_8883",2020,1,"dv","7310_7303.2019","F",1,"gothictown",0,0,0,0
"8902_8433",2019,1,"uv","6127_7339.2018","M",1,"picnic",0,1,1,2
"8903_8951",2019,1,"uv","6127_7339.2018","F",0,"picnic",1,0,1,2
"8907_9867",2022,1,"uv","8476_8478.2021","M",1,"mm",0,1,0,1
"8915_8807",2020,0,"dv","8515_8522.2019","M",1,"horsemound",0,0,0,0
"8918_8385",2019,1,"uv","6127_7339.2018","F",0,"picnic",1,1,1,3
"8922_8901",2019,1,"uv","6127_7339.2018","M",0,"picnic",1,1,1,3
"8924_8905",2022,0,"dv","8514_6207.2021","M",1,"horsemound",1,0,1,2
"8941_8113",2021,1,"dv","8340_8334.2020","M",1,"bench",1,1,1,3
"8944_8934",2021,1,"dv","8340_8334.2020","F",0,"bench",0,0,1,1
"8945_8023",2021,1,"dv","8340_8334.2020","F",0,"bench",1,0,0,1
"8947_8887",2020,1,"dv","7187_7189.2019","M",1,"gothictown",1,0,1,2
"8949_8931",2020,0,"dv","8496_8499.2019","M",1,"river",0,0,1,1
"8962_8960",2020,0,"dv","8496_8499.2019","M",1,"bench",1,0,1,2
"8986_8990",2019,1,"uv","6127_7339.2018","F",0,"picnic",1,1,0,2
"8989_8894",2020,1,"dv","7187_7189.2019","M",1,"gothictown",0,0,0,0
"9017_9006",2021,1,"dv","8254_8259.2020","M",0,"avalanche",0,0,0,0
"9053_9067",2021,1,"uv","6127_7339.2020","F",0,"picnic",0,0,0,0
"9054_9063",2021,1,"uv","6127_7339.2020","M",0,"picnic",1,0,1,2
"9055_9061",2021,1,"uv","6127_7339.2020","F",0,"picnic",0,0,0,0
"9060_8457",2021,0,"uv","7698_7699.2020","M",1,"mm",0,0,0,0
"9062_8459",2022,1,"uv","8476_8478.2021","M",1,"mm",1,0,1,2
"9064_9065",2021,1,"uv","6127_7339.2020","F",0,"picnic",0,0,0,0
"9069_9070",2022,1,"uv","8476_8478.2021","F",0,"mm",1,1,0,2
"9074_9906",2021,1,"uv","6127_7339.2020","M",0,"picnic",1,1,0,2
"9092_9095",2021,0,"uv","7698_7699.2020","M",1,"mm",0,0,0,0
"9198_9869",2022,1,"uv","8918_8385.2021","M",1,"picnic",0,0,0,0
"9617_9819",2022,1,"uv","8246_8319.2021","M",0,"picnic",0,1,0,1
"9627_9643",2022,1,"uv","8246_8319.2021","F",0,"picnic",0,0,0,0
"9628_9608",2022,1,"uv","6127_7339.2021","M",0,"picnic",0,0,0,0
"9641_9106",2022,1,"uv","8246_8319.2021","F",1,"picnic",0,0,0,0
"9718_8623",2022,1,"uv","8918_8385.2021","M",0,"picnic",0,0,1,1
"9747_8635",2022,1,"uv","6127_7339.2021","M",0,"picnic",0,1,1,2
"9815_9821",2022,1,"uv","8246_8319.2021","M",1,"picnic",0,0,0,0
"9829_9831",2022,1,"uv","8918_8385.2021","F",1,"picnic",0,0,1,1
"9868_9862",2022,1,"uv","8476_8478.2021","M",1,"mm",0,1,1,2
"9873_8912",2022,0,"dv","8514_6207.2021","M",1,"horsemound",0,0,0,0
"9896_9897",2022,1,"uv","8918_8385.2021","M",1,"picnic",0,0,1,1
"9899_9900",2022,1,"uv","6127_7339.2021","F",1,"picnic",1,0,1,2
